Category,Product_Name,Variant
Produits Laitiers & Crémerie,Lait UHT Candia,Grand Lait Entier Brique 1L
Produits Laitiers & Crémerie,Lait UHT Candia,Grand Lait Demi-Écrémé Brique 1L
Produits Laitiers & Crémerie,Lait UHT Candia,Silhouette Écrémé Brique 1L
Produits Laitiers & Crémerie,Lait UHT Candia,Candia Chocolat Brique 1L
Produits Laitiers & Crémerie,Lait UHT Candia,Candy Choco Brique 200ml
Produits Laitiers & Crémerie,Lait UHT Candia,Candy Fraise Brique 200ml
Produits Laitiers & Crémerie,Lait UHT Candia,Candia Croissance 1-3 ans 1L
Produits Laitiers & Crémerie,Yaourt Soummam Fort,Fraise Pot 100g
Produits Laitiers & Crémerie,Yaourt Soummam Fort,Pêche Pot 100g
Produits Laitiers & Crémerie,Yaourt Soummam Fort,Abricot Pot 100g
Produits Laitiers & Crémerie,Yaourt Soummam Fort,Cerise Pot 100g
Produits Laitiers & Crémerie,Yaourt Soummam Fort,Banane Pot 100g
Produits Laitiers & Crémerie,Yaourt Soummam Fort,Vanille Pot 100g
Produits Laitiers & Crémerie,Yaourt Soummam Mamou,Fraise Pot 80g
Produits Laitiers & Crémerie,Yaourt Soummam Mamou,Pêche Pot 80g
Produits Laitiers & Crémerie,Yaourt Soummam Mamou,Chocolat Pot 80g
Produits Laitiers & Crémerie,Yaourt Soummam Mamou,Vanille Pot 80g
Produits Laitiers & Crémerie,Fromage Fondu Le Berbère,Boîte 8 portions 120g
Produits Laitiers & Crémerie,Fromage Fondu Le Berbère,Boîte 16 portions 240g
Produits Laitiers & Crémerie,Fromage Fondu Le Berbère,Boîte 24 portions 360g
Produits Laitiers & Crémerie,Fromage Fondu Le Berbère,Boîte 32 portions 480g
Produits Laitiers & Crémerie,Fromage Fondu Le Berbère,Barquette Fondant 400g
Produits Laitiers & Crémerie,Fromage Fondu Soummam,Boîte 8 portions 120g
Produits Laitiers & Crémerie,Fromage Fondu Soummam,Boîte 16 portions 240g
Produits Laitiers & Crémerie,Fromage Fondu Soummam,Boîte 24 portions 360g
Produits Laitiers & Crémerie,Margarine Fleurial Cevital,Barquette Tartine 250g
Produits Laitiers & Crémerie,Margarine Fleurial Cevital,Barquette Tartine 500g
Produits Laitiers & Crémerie,Margarine Fleurial Cevital,Plaquette Cuisson 250g
Produits Laitiers & Crémerie,Margarine Fleurial Cevital,Plaquette Cuisson 500g
Produits Laitiers & Crémerie,Margarine Sol,Barquette 250g
Produits Laitiers & Crémerie,Margarine Sol,Barquette 500g
Produits Laitiers & Crémerie,Margarine Mani,Barquette 250g
Produits Laitiers & Crémerie,Margarine Mani,Barquette 500g
Produits Laitiers & Crémerie,Smen Medina Cevital,Boîte Métal 500g
Produits Laitiers & Crémerie,Smen Medina Cevital,Boîte Métal 1kg
Produits Laitiers & Crémerie,Smen Medina Cevital,Boîte Métal 2kg
Produits Laitiers & Crémerie,Smen Al Baka,Boîte Métal 500g
Produits Laitiers & Crémerie,Smen Al Baka,Boîte Métal 1kg
Produits Laitiers & Crémerie,Lben Soummam,Sachet Plastique 1L
Produits Laitiers & Crémerie,Lben Soummam,Bouteille 1L
Produits Laitiers & Crémerie,Lben Candia,Bouteille 1L
Produits Laitiers & Crémerie,Crème Fraîche Soummam,Pot 20cl 30% MG
Produits Laitiers & Crémerie,Crème Fraîche Soummam,Pot 40cl 30% MG
Produits Laitiers & Crémerie,Crème Liquide Soummam,Brique 20cl 30% MG
Produits Laitiers & Crémerie,Fromage Tartino,Boîte 8 portions 120g
Produits Laitiers & Crémerie,Fromage Tartino,Boîte 16 portions 240g
Produits Laitiers & Crémerie,Fromage Tartino,Boîte 24 portions 360g
Produits Laitiers & Crémerie,Fromage Tartino,Bloc Rouge 400g
Produits Laitiers & Crémerie,Fromage Tartino,Bloc Rouge 800g
Produits Laitiers & Crémerie,Fromage Tartino,Sachet Râpé 200g
Épicerie Salée,Pâtes Alimentaires Sim,Spaghetti N°3 Pack 500g
Épicerie Salée,Pâtes Alimentaires Sim,Coquillettes Pack 500g
Épicerie Salée,Pâtes Alimentaires Sim,Macaroni Pack 500g
Épicerie Salée,Pâtes Alimentaires Sim,Coude Petit Pack 500g
Épicerie Salée,Pâtes Alimentaires Sim,Tlitli Langue d'Oiseau Pack 500g
Épicerie Salée,Pâtes Alimentaires Sim,Vermicelle Cheveux d'Ange Pack 500g
Épicerie Salée,Pâtes Alimentaires Sim,Penne Rigate Pack 500g
Épicerie Salée,Pâtes Alimentaires Amor Benamor,Spaghetti N°3 Pack 500g
Épicerie Salée,Pâtes Alimentaires Amor Benamor,Coquillettes Pack 500g
Épicerie Salée,Pâtes Alimentaires Amor Benamor,Plumes Penne Pack 500g
Épicerie Salée,Pâtes Alimentaires Amor Benamor,Langue d'Oiseau Pack 500g
Épicerie Salée,Pâtes Alimentaires Amor Benamor,Tlitli Pack 500g
Épicerie Salée,Pâtes Alimentaires Amor Benamor,Cheveux d'Ange Pack 500g
Épicerie Salée,Pâtes Alimentaires Mama,Spaghetti Pack 500g
Épicerie Salée,Pâtes Alimentaires Mama,Coquillettes Pack 500g
Épicerie Salée,Pâtes Alimentaires Mama,Macaroni Pack 500g
Épicerie Salée,Pâtes Alimentaires Mama,Tlitli Pack 500g
Épicerie Salée,Pâtes Alimentaires Mama,Cannelloni Boîte 250g
Épicerie Salée,Couscous Sim,Fin Sachet 1kg
Épicerie Salée,Couscous Sim,Moyen Sachet 1kg
Épicerie Salée,Couscous Sim,Gros Sachet 1kg
Épicerie Salée,Couscous Sim,Moyen Sachet 500g
Épicerie Salée,Couscous Sim,Complet Orge Sachet 1kg
Épicerie Salée,Couscous Mama,Fin Sachet 1kg
Épicerie Salée,Couscous Mama,Moyen Sachet 1kg
Épicerie Salée,Couscous Mama,Gros Sachet 1kg
Épicerie Salée,Couscous Mama,Moyen Sachet 500g
Épicerie Salée,Couscous Amor Benamor,Fin Sachet 1kg
Épicerie Salée,Couscous Amor Benamor,Moyen Sachet 1kg
Épicerie Salée,Couscous Amor Benamor,Gros Sachet 1kg
Épicerie Salée,Semoule Extra,Fine Sachet 1kg
Épicerie Salée,Semoule Extra,Moyenne Sachet 1kg
Épicerie Salée,Semoule Extra,Grossière Sachet 1kg
Épicerie Salée,Semoule Extra,Fine Sac 5kg
Épicerie Salée,Semoule Extra,Moyenne Sac 5kg
Épicerie Salée,Farine Sim,Super Supérieure T45 Pack 1kg
Épicerie Salée,Farine Sim,Super Supérieure T45 Pack 2kg
Épicerie Salée,Farine Sim,Super Supérieure T45 Sac 5kg
Épicerie Salée,Huile de Table Fleurial Cevital,Bouteille PET 1L
Épicerie Salée,Huile de Table Fleurial Cevital,Bouteille PET 2L
Épicerie Salée,Huile de Table Fleurial Cevital,Bidon PET 5L
Épicerie Salée,Huile de Table El Kseur,Bouteille PET 1L
Épicerie Salée,Huile de Table El Kseur,Bidon PET 5L
Épicerie Salée,Huile d'Olive Safia Cevital,Bouteille Verre 500ml
Épicerie Salée,Huile d'Olive Safia Cevital,Bouteille Verre 750ml
Épicerie Salée,Huile d'Olive Safia Cevital,Bouteille PET 1L
Épicerie Salée,Légumes Secs Borjot,Lentilles Brunes Sachet 500g
Épicerie Salée,Légumes Secs Borjot,Haricots Blancs Sachet 500g
Épicerie Salée,Légumes Secs Borjot,Pois Chiches Sachet 500g
Épicerie Salée,Légumes Secs Borjot,Lentilles Rouges Sachet 500g
Épicerie Sucrée & Biscuiterie,Biscuits Bimo,Senior Original Biscuit au Lait 200g
Épicerie Sucrée & Biscuiterie,Biscuits Bimo,Macao Biscuits Chocolat 100g
Épicerie Sucrée & Biscuiterie,Biscuits Bimo,Macao Biscuits Vanille 100g
Épicerie Sucrée & Biscuiterie,Biscuits Bimo,Tango Biscuits Enrobés Chocolat 255g
Épicerie Sucrée & Biscuiterie,Biscuits Bimo,Brino Biscuits Crème Cacao 105g
Épicerie Sucrée & Biscuiterie,Biscuits Bimo,Petit Beurre Beurre Pur 150g
Épicerie Sucrée & Biscuiterie,Gaufrettes Bimo Best Of,Best Of Crème Vanille 120g
Épicerie Sucrée & Biscuiterie,Gaufrettes Bimo Best Of,Best Of Crème Chocolat 120g
Épicerie Sucrée & Biscuiterie,Gaufrettes Bimo Best Of,Best Of Crème Noisette 120g
Épicerie Sucrée & Biscuiterie,Gaufrettes Bimo Double Mix,Double Mix Vanille-Pistache 200g
Épicerie Sucrée & Biscuiterie,Gaufrettes Bimo Double Mix,Double Mix Chocolat-Noisette 200g
Épicerie Sucrée & Biscuiterie,Pâte à Tartiner El Mordjene CEBON,Pâte Noisette Grillée Bocal 350g
Épicerie Sucrée & Biscuiterie,Pâte à Tartiner El Mordjene CEBON,Pâte Noisette Grillée Bocal 700g
Épicerie Sucrée & Biscuiterie,Pâte à Tartiner El Mordjene CEBON,Pâte Rocher Noisette Bocal 600g
Épicerie Sucrée & Biscuiterie,Pâte à Tartiner El Mordjene CEBON,Crème Bueno Blanc Bocal 350g
Épicerie Sucrée & Biscuiterie,Pâte à Tartiner El Mordjene CEBON,Crème Bueno Blanc Bocal 700g
Épicerie Sucrée & Biscuiterie,Biscuits Palmary,Kool Supreme Biscuits 40g
Épicerie Sucrée & Biscuiterie,Biscuits Palmary,Kool Cream Chocolat Sachet 220g
Épicerie Sucrée & Biscuiterie,Biscuits Palmary,Kool Cream Vanille Sachet 220g
Épicerie Sucrée & Biscuiterie,Biscuits Palmary,Break Kool Gaufrette Chocolat 35g
Épicerie Sucrée & Biscuiterie,Biscuits Palmary,Maxon Galette au Lait 340g
Épicerie Sucrée & Biscuiterie,Biscuits Palmary,Sando Chocolat Enrobé 30g
Épicerie Sucrée & Biscuiterie,Chocolat Palmary Moment,Moment Chocolat au Lait 100g
Épicerie Sucrée & Biscuiterie,Chocolat Palmary Moment,Moment Noisette Éclats 100g
Épicerie Sucrée & Biscuiterie,Chocolat Palmary Moment,Moment Pistache Évasion 95g
Épicerie Sucrée & Biscuiterie,Chocolat Palmary Moment,Moment Djazair Kunafa Pistache 150g
Épicerie Sucrée & Biscuiterie,Chocolat Palmary Moment,Moment Djazair Makrout Ellouz 150g
Épicerie Sucrée & Biscuiterie,Biscuits Nounours,Gaufrette Nounours Chocolat 150g
Épicerie Sucrée & Biscuiterie,Biscuits Nounours,Gaufrette Nounours Citron 150g
Épicerie Sucrée & Biscuiterie,Biscuits Nounours,Petit Beurre Nounours 200g
Épicerie Sucrée & Biscuiterie,Chocolat Bifa Story,Story Tablette Pistache Kunafa 115g
Épicerie Sucrée & Biscuiterie,Chocolat Bifa Story,Story Barre Pistache Kunafa 37g
Épicerie Sucrée & Biscuiterie,Chocolat Bifa Story,Story Tablette Chocolat au Lait 100g
Épicerie Sucrée & Biscuiterie,Halwa Chamia Al Ghazal,Halwa Nature Barquette 100g
Épicerie Sucrée & Biscuiterie,Halwa Chamia Al Ghazal,Halwa aux Pistaches Barquette 200g
Épicerie Sucrée & Biscuiterie,Halwa Chamia Al Ghazal,Halwa aux Noisettes Barquette 200g
Épicerie Sucrée & Biscuiterie,Halwa Chamia La Rose,Halwa Nature Boîte 400g
Épicerie Sucrée & Biscuiterie,Halwa Chamia La Rose,Halwa Nature Boîte 800g
Épicerie Sucrée & Biscuiterie,Confiture Cevital,Confiture de Fraise Pot Verre 450g
Épicerie Sucrée & Biscuiterie,Confiture Cevital,Confiture d'Abricot Pot Verre 450g
Épicerie Sucrée & Biscuiterie,Confiture Cevital,Confiture de Figue Pot Verre 450g
Épicerie Sucrée & Biscuiterie,Confiture Cevital,Confiture d'Orange Pot Verre 450g
Épicerie Sucrée & Biscuiterie,Confiture Cevital,Confiture d'Abricot Seau 1kg
Épicerie Sucrée & Biscuiterie,Confiture Cevital,Confiture de Fraise Seau 1kg
Épicerie Sucrée & Biscuiterie,Snacks & Chips Algérie,Flash Puffs Fromage Sachet 30g
Épicerie Sucrée & Biscuiterie,Snacks & Chips Algérie,Flash Puffs Piment Fort Sachet 30g
Épicerie Sucrée & Biscuiterie,Snacks & Chips Algérie,Spooka Chips Sel Sachet 40g
Épicerie Sucrée & Biscuiterie,Snacks & Chips Algérie,Spooka Chips Paprika Sachet 40g
Épicerie Sucrée & Biscuiterie,Snacks & Chips Algérie,Mahbool Chips Ketchup Sachet 35g
Épicerie Sucrée & Biscuiterie,Snacks & Chips Algérie,Mahbool Chips Harissa Sachet 35g
Boissons & Jus,Sodas Hamoud Boualem,Selecto Canette 33cl
Boissons & Jus,Sodas Hamoud Boualem,Selecto Bouteille PET 1L
Boissons & Jus,Sodas Hamoud Boualem,Selecto Bouteille PET 2L
Boissons & Jus,Sodas Hamoud Boualem,Hamoud La Blanche Canette 33cl
Boissons & Jus,Sodas Hamoud Boualem,Hamoud La Blanche Bouteille PET 1L
Boissons & Jus,Sodas Hamoud Boualem,Hamoud La Blanche Bouteille PET 2L
Boissons & Jus,Sodas Hamoud Boualem,Slim Citron Bouteille PET 1L
Boissons & Jus,Sodas Hamoud Boualem,Slim Orange Bouteille PET 1L
Boissons & Jus,Sodas Hamoud Boualem,Slim Pomme Bouteille PET 1L
Boissons & Jus,Sodas Hamoud Boualem,Slim Ananas Bouteille PET 2L
Boissons & Jus,Eau Minérale Ifri,Bouteille PET 33cl
Boissons & Jus,Eau Minérale Ifri,Bouteille PET 50cl
Boissons & Jus,Eau Minérale Ifri,Bouteille PET 1.5L
Boissons & Jus,Eau Minérale Ifri,Bouteille PET 2L
Boissons & Jus,Eau Minérale Ifri,Bidon PET 5L
Boissons & Jus,Eau Minérale Ifri,Eau Gazéifiée Bouteille 1L
Boissons & Jus,Jus Ramy,Nectar Orange Bouteille PET 1L
Boissons & Jus,Jus Ramy,Nectar Pêche-Abricot Bouteille PET 1L
Boissons & Jus,Jus Ramy,Nectar Cocktail Tropical Bouteille PET 1L
Boissons & Jus,Jus Ramy,Nectar Ananas-Mangue Bouteille PET 1L
Boissons & Jus,Jus Ramy,Nectar Pomme Bouteille PET 1L
Boissons & Jus,Jus Ramy,Pack Enfant Orange Brique 200ml
Boissons & Jus,Jus Ramy,Pack Enfant Pêche Brique 200ml
Boissons & Jus,Jus Rouiba,Nectar Pêche Bouteille PET 1L
Boissons & Jus,Jus Rouiba,Nectar Orange-Carotte Bouteille PET 1L
Boissons & Jus,Jus Rouiba,Nectar Cocktail Bouteille PET 1L
Boissons & Jus,Jus Rouiba,Nectar Poire Bouteille PET 1L
Boissons & Jus,Jus Rouiba,Nectar Abricot Brique 200ml
Boissons & Jus,Jus Rouiba,Nectar Orange Brique 200ml
Boissons & Jus,Boissons Gazeuses Ifri,Ifruit Pomme-Pêche Bouteille 1.25L
Boissons & Jus,Boissons Gazeuses Ifri,Ifruit Agrumes Bouteille 1.25L
Boissons & Jus,Boissons Gazeuses Ifri,Ifri Gazouz Cola Bouteille 1.5L
Boissons & Jus,Boissons Gazeuses Ifri,Ifri Gazouz Citron Bouteille 1.5L
Boissons & Jus,Eau Minérale Saïda,Bouteille PET 50cl
Boissons & Jus,Eau Minérale Saïda,Bouteille PET 1.5L
Boissons & Jus,Eau Minérale Saïda,Bidon PET 5L
Boissons & Jus,Eau Minérale Algérie,Lalla Khedidja Bouteille PET 1.5L
Boissons & Jus,Eau Minérale Algérie,Batna Eau Minérale Bouteille PET 1.5L
Boissons & Jus,Boissons Énergisantes,Izem Energy Canette 250ml
Boissons & Jus,Boissons Énergisantes,Red Bull Canette 250ml
Boissons & Jus,Jus Tchin Candia,Tchin Nectar Orange Brique 1L
Boissons & Jus,Jus Tchin Candia,Tchin Nectar Pêche Brique 1L
Boissons & Jus,Jus Tchin Candia,Tchin Multivitamine Brique 1L
Boissons & Jus,Jus Tchin Candia,Tchin Pomme Brique 200ml
Boissons & Jus,Sirops & Arômes Casbah,Sirop de Menthe Bouteille Verre 75cl
Boissons & Jus,Sirops & Arômes Casbah,Sirop de Grenadine Bouteille Verre 75cl
Boissons & Jus,Sirops & Arômes Casbah,Sirop de Citron Bouteille Verre 75cl
Boissons & Jus,Sirops & Arômes Casbah,Sirop d'Orgeat Bouteille Verre 75cl
Boissons & Jus,Sirops & Arômes Casbah,Eau de Fleur d'Oranger Bouteille 500ml
Boissons & Jus,Sirops & Arômes Casbah,Eau de Rose Bouteille 500ml
Conserves & Condiments,Double Concentré de Tomate Amor Benamor,Boîte Métal 400g
Conserves & Condiments,Double Concentré de Tomate Amor Benamor,Boîte Métal 800g
Conserves & Condiments,Double Concentré de Tomate Amor Benamor,Tube 135g
Conserves & Condiments,Double Concentré de Tomate Amor Benamor,Bocal Verre 370g
Conserves & Condiments,Double Concentré de Tomate Izdiher,Boîte Métal 400g
Conserves & Condiments,Double Concentré de Tomate Izdiher,Boîte Métal 800g
Conserves & Condiments,Double Concentré de Tomate Izdiher,Seau Plastique 4kg
Conserves & Condiments,Double Concentré de Tomate Djurdjura,Boîte Métal 400g
Conserves & Condiments,Double Concentré de Tomate Djurdjura,Boîte Métal 800g
Conserves & Condiments,Harissa Piquante Amor Benamor,Tube Aluminium 70g
Conserves & Condiments,Harissa Piquante Amor Benamor,Boîte Métal 135g
Conserves & Condiments,Harissa Piquante Amor Benamor,Boîte Métal 380g
Conserves & Condiments,Harissa Piquante Petit Paris,Bocal Verre 200g
Conserves & Condiments,Sauces & Condiments Fleurial,Moutarde Douce Pot 150g
Conserves & Condiments,Sauces & Condiments Fleurial,Moutarde Douce Pot 350g
Conserves & Condiments,Sauces & Condiments Fleurial,Ketchup Daily Sauce Flacon 280g
Conserves & Condiments,Sauces & Condiments Fleurial,Ketchup Daily Sauce Flacon 500g
Conserves & Condiments,Sauces & Condiments Fleurial,Mayonnaise Onctueuse Pot 250g
Conserves & Condiments,Sauces & Condiments Fleurial,Mayonnaise Onctueuse Pot 500g
Conserves & Condiments,Sauces & Condiments Fleurial,Sauce Salade Ciboulette Bouteille 500ml
Conserves & Condiments,Sauces Foody's Algérie,Sauce Samouraï Flacon Squeeze 900g
Conserves & Condiments,Sauces Foody's Algérie,Sauce Algérienne Flacon Squeeze 900g
Conserves & Condiments,Sauces Casbah,Sauce Barbecue Bouteille 350g
Conserves & Condiments,Thon en Conserve Maratun,Thon Entier Huile Végétale Boîte 160g
Conserves & Condiments,Thon en Conserve Maratun,Thon Entier Sauce Tomate Boîte 160g
Conserves & Condiments,Thon en Conserve Maratun,Thon au Naturel Boîte 160g
Conserves & Condiments,Thon en Conserve Maratun,Trio Miettes de Thon Tomate 3x65g
Conserves & Condiments,Thon en Conserve Ricamar,Trio Thon à l'Huile Végétale 3x65g
Conserves & Condiments,Thon en Conserve Ricamar,Trio Thon Sauce Tomate 3x65g
Conserves & Condiments,Thon en Conserve Ricamar,Trio Thon au Naturel 3x65g
Conserves & Condiments,Thon en Conserve Ricamar,Thon Entier Huile d'Olive Boîte 160g
Conserves & Condiments,Thon en Conserve Afia,Trio Thon Huile Végétale 3x65g
Conserves & Condiments,Thon en Conserve Atlantic,Trio Miettes de Thon Tomate 3x65g
Conserves & Condiments,Thon en Conserve Atlantic,Thon Entier Huile Végétale 160g
Conserves & Condiments,Olives & Pickles El Kseur,Olives Vertes Dénoyautées Bocal 370g
Conserves & Condiments,Olives & Pickles El Kseur,Olives Noires Enchautées Bocal 370g
Conserves & Condiments,Olives & Pickles El Kseur,Cornichons au Vinaigre Bocal 370g
Conserves & Condiments,Olives & Pickles El Kseur,Câpres au Vinaigre Bocal 200g
Conserves & Condiments,Olives & Pickles El Kseur,Piments Forts Confits Bocal 500g
Conserves & Condiments,Vinaigre GVC Boulmerka,Vinaigre Blanc d'Alcool Bouteille 1L
Conserves & Condiments,Vinaigre GVC Boulmerka,Vinaigre Aromatisé Estragon Bouteille 1L
Conserves & Condiments,Vinaigre GVC Boulmerka,Vinaigre de Cidre Bouteille 500ml
Conserves & Condiments,Vinaigre El Kseur,Vinaigre d'Alcool Bouteille 1.5L
Conserves & Condiments,Épices Moulues El Baraka,Poivre Noir Moulu Sachet 100g
Conserves & Condiments,Épices Moulues El Baraka,Cumin Moulu Sachet 100g
Conserves & Condiments,Épices Moulues El Baraka,Ras El Hanout Sachet 100g
Conserves & Condiments,Épices Moulues El Baraka,Paprika Doux Sachet 100g
Conserves & Condiments,Épices Moulues El Baraka,Curcuma Moulu Sachet 100g
Conserves & Condiments,Épices Moulues El Baraka,Ail Séché Poudre Sachet 100g
Conserves & Condiments,Épices Moulues El Baraka,Carvi Moulu Sachet 100g
Café, Thé & Petit Déjeuner,Café Moulu Facto,Facto Paquet Rouge 250g
Café, Thé & Petit Déjeuner,Café Moulu Facto,Facto Expresso Paquet 250g
Café, Thé & Petit Déjeuner,Café Moulu Facto,Facto Familial Paquet 500g
Café, Thé & Petit Déjeuner,Café Moulu Famico,Famico Exclusive Arabica Paquet 250g
Café, Thé & Petit Déjeuner,Café Moulu Famico,Famico Premium Blend Paquet 250g
Café, Thé & Petit Déjeuner,Café Moulu Boukhari,Boukhari Mélange Arabica-Robusta 250g
Café, Thé & Petit Déjeuner,Café Moulu Boukhari,Boukhari Familial Paquet 500g
Café, Thé & Petit Déjeuner,Café Moulu Bounab,Bounab Tradition Paquet 250g
Café, Thé & Petit Déjeuner,Café Moulu Taj Mahal,Taj Mahal Paquet 250g
Café, Thé & Petit Déjeuner,Café Soluble Nescafé DZ,Nescafé Classic Bocal 50g
Café, Thé & Petit Déjeuner,Café Soluble Nescafé DZ,Nescafé Classic Bocal 100g
Café, Thé & Petit Déjeuner,Café Soluble Nescafé DZ,Nescafé Classic Bocal 200g
Café, Thé & Petit Déjeuner,Café Soluble Nescafé DZ,Nescafé 3in1 Stick Sachet 18g
Café, Thé & Petit Déjeuner,Thé Vert de Chine Ahmed Abdi,Thé Vert Vertus Boîte 200g
Café, Thé & Petit Déjeuner,Thé Vert de Chine Ahmed Abdi,Thé Vert Nouveauté Boîte 250g
Café, Thé & Petit Déjeuner,Thé Vert El Badr,Thé Vert Extra Boîte 250g
Café, Thé & Petit Déjeuner,Thé Vert La Boussole,Thé Vert Chine Graines Boîte 250g
Café, Thé & Petit Déjeuner,Thé Vert El Ghaf,Thé Vert Traditionnel Boîte 250g
Café, Thé & Petit Déjeuner,Thé Noir & Infusions Lipton,Thé Noir Yellow Label Boîte 25 Sachets
Café, Thé & Petit Déjeuner,Thé Noir & Infusions Lipton,Thé Noir Yellow Label Boîte 100 Sachets
Café, Thé & Petit Déjeuner,Thé Noir & Infusions El Baraka,Infusion Verveine Boîte 20 Sachets
Café, Thé & Petit Déjeuner,Thé Noir & Infusions El Baraka,Infusion Camomille Boîte 20 Sachets
Café, Thé & Petit Déjeuner,Sucre Blanc Cevital,Sucre Cristallisé Sachet 1kg
Café, Thé & Petit Déjeuner,Sucre Blanc Cevital,Sucre Cristallisé Sachet 2kg
Café, Thé & Petit Déjeuner,Sucre Blanc Cevital,Sucre Cristallisé Sac 5kg
Café, Thé & Petit Déjeuner,Sucre Roux Skor Cevital,Skor Roux Doypack 500g
Café, Thé & Petit Déjeuner,Sucre en Morceaux Cevital,Sucre Morceaux Enveloppé Boîte 1kg
Café, Thé & Petit Déjeuner,Sucre en Morceaux Cevital,Sucre Morceaux Boîte 500g
Café, Thé & Petit Déjeuner,Édulcorant MagiLight,Substitut de Sucre Poudre 100g
Café, Thé & Petit Déjeuner,Miel Naturel Raby,Miel de Fleurs Bocal 250g
Café, Thé & Petit Déjeuner,Miel Naturel Raby,Miel de Fleurs Bocal 500g
Café, Thé & Petit Déjeuner,Miel El Badr,Miel Pur Bocal 375g
Café, Thé & Petit Déjeuner,Sirop de Glucose Cevital,Sirop de Glucose Pot 500g
Café, Thé & Petit Déjeuner,Céréales Ringosso,Ringosso Chocolat Boîte 375g
Café, Thé & Petit Déjeuner,Céréales Ringosso,Ringosso Miel Boîte 375g
Café, Thé & Petit Déjeuner,Céréales Bimo,Choco Pops Bimo Boîte 250g
Café, Thé & Petit Déjeuner,Céréales Fula,Corn Flakes Fula Boîte 300g
Café, Thé & Petit Déjeuner,Céréales Fitness DZ,Fitness Nature Boîte 375g
Café, Thé & Petit Déjeuner,Poudre Chocolatée Nesquik,Nesquik Chocolat Poudre Boîte 250g
Café, Thé & Petit Déjeuner,Poudre Chocolatée Nesquik,Nesquik Chocolat Poudre Boîte 450g
Café, Thé & Petit Déjeuner,Poudre Chocolatée Bimo,Choco Poudre Bimo Sachet 250g
Café, Thé & Petit Déjeuner,Poudre Chocolatée Poulain,Chocolat en Poudre Boîte 400g
Café, Thé & Petit Déjeuner,Alimentation Bébé Blédilait,Blédilait 1er Âge Boîte 400g
Café, Thé & Petit Déjeuner,Alimentation Bébé Blédilait,Blédilait 2ème Âge Boîte 400g
Café, Thé & Petit Déjeuner,Alimentation Bébé Blédilait,Blédilait Croissance 3ème Âge 400g
Café, Thé & Petit Déjeuner,Alimentation Bébé Guigoz,Guigoz 1er Âge Boîte 400g
Café, Thé & Petit Déjeuner,Alimentation Bébé Guigoz,Guigoz 2ème Âge Boîte 400g
Café, Thé & Petit Déjeuner,Céréales Bébé Cérélac,Cérélac Blé Lacté Boîte 250g
Café, Thé & Petit Déjeuner,Céréales Bébé Cérélac,Cérélac Blé-Miel Boîte 250g
Café, Thé & Petit Déjeuner,Compotes Bébé Blédina,Compote Pomme-Banane Pot 130g
Hygiène & Soins Personnels,Shampooing Venus Sidal,Shampooing Khouzama Lavande 400ml
Hygiène & Soins Personnels,Shampooing Venus Sidal,Shampooing Protéines d'Œuf 400ml
Hygiène & Soins Personnels,Shampooing Venus Sidal,Shampooing Antipelliculaire 400ml
Hygiène & Soins Personnels,Shampooing Venus Sidal,Shampooing Beurre de Karité 400ml
Hygiène & Soins Personnels,Shampooing Venus Sidal,Shampooing Doux Enfant 250ml
Hygiène & Soins Personnels,Après-Shampooing & Masque Venus,Après-Shampooing Argan 400ml
Hygiène & Soins Personnels,Après-Shampooing & Masque Venus,Masque Capillaire Nourrissant 300ml
Hygiène & Soins Personnels,Shampooing & Gel Douche Swalis,Shampooing Huile d'Argan 400ml
Hygiène & Soins Personnels,Shampooing & Gel Douche Swalis,Shampooing Noix de Coco 400ml
Hygiène & Soins Personnels,Shampooing & Gel Douche Swalis,Gel Douche Parfum Mangue 500ml
Hygiène & Soins Personnels,Shampooing & Gel Douche Swalis,Gel Douche Parfum Vanille 500ml
Hygiène & Soins Personnels,Savon de Toilette Astra,Savon Astra Parfum Rose 100g
Hygiène & Soins Personnels,Savon de Toilette Astra,Savon Astra Parfum Lavande 100g
Hygiène & Soins Personnels,Savon de Toilette Astra,Savon Astra Parfum Jasmin 100g
Hygiène & Soins Personnels,Savon Marseille Le Chat DZ,Savon Pur Marseille Pain 150g
Hygiène & Soins Personnels,Savon de Toilette Palmolive,Savon Palmolive Olive 90g
Hygiène & Soins Personnels,Dentifrice Signal,Dentifrice Integral 8 Tube 75ml
Hygiène & Soins Personnels,Dentifrice Signal,Dentifrice White Now Tube 75ml
Hygiène & Soins Personnels,Dentifrice Dentex,Dentifrice Herbal Tube 100ml
Hygiène & Soins Personnels,Dentifrice Colgate,Dentifrice Triple Action Tube 75ml
Hygiène & Soins Personnels,Dentifrice Colgate,Dentifrice Max Fresh Tube 75ml
Hygiène & Soins Personnels,Brosses à Dents Signal,Brosse à Dents Souple 1 pièce
Hygiène & Soins Personnels,Brosses à Dents Signal,Brosse à Dents Moyenne 1 pièce
Hygiène & Soins Personnels,Brosses à Dents Jordan,Brosse à Dents Medium 1 pièce
Hygiène & Soins Personnels,Déodorants Venus,Roll-On Fraîcheur Extrême 50ml
Hygiène & Soins Personnels,Déodorants Venus,Roll-On Invisible Anti-Traces 50ml
Hygiène & Soins Personnels,Déodorants Fa,Spray Pink Passion 150ml
Hygiène & Soins Personnels,Déodorants Fa,Spray Sport Energy 150ml
Hygiène & Soins Personnels,Couches Bébé Dalaa,Dalaa Taille 2 Mini Paquet 40p
Hygiène & Soins Personnels,Couches Bébé Dalaa,Dalaa Taille 3 Midi Paquet 44p
Hygiène & Soins Personnels,Couches Bébé Dalaa,Dalaa Taille 4 Maxi Paquet 40p
Hygiène & Soins Personnels,Couches Bébé Dalaa,Dalaa Taille 5 Junior Paquet 36p
Hygiène & Soins Personnels,Couches Bébé Molfix,Molfix Taille 3 Midi Paquet 42p
Hygiène & Soins Personnels,Couches Bébé Molfix,Molfix Taille 4 Maxi Paquet 38p
Hygiène & Soins Personnels,Lingettes Bébé Dalaa,Lingettes Douces Paquet 72p
Hygiène & Soins Personnels,Lingettes Bébé Venus,Lingettes Bébé Apaisantes Paquet 80p
Hygiène & Soins Personnels,Lingettes Bébé Fresh,Lingettes Fresh Paquet 64p
Hygiène & Soins Personnels,Protections Féminines Molped,Molped Maxi Normal Paquet 10p
Hygiène & Soins Personnels,Protections Féminines Molped,Molped Longue Paquet 8p
Hygiène & Soins Personnels,Protections Féminines Molped,Molped Nuit Paquet 7p
Hygiène & Soins Personnels,Protections Féminines Always,Always Ultra Normal Paquet 10p
Hygiène & Soins Personnels,Protections Féminines Always,Always Night Paquet 8p
Hygiène & Soins Personnels,Papier Toilette & Mouchoirs Fine,Papier Toilette 2 Épaisseurs 4 Rouleaux
Hygiène & Soins Personnels,Papier Toilette & Mouchoirs Fine,Papier Toilette 2 Épaisseurs 12 Rouleaux
Hygiène & Soins Personnels,Papier Toilette & Mouchoirs Fine,Mouchoirs Boîte 100p
Hygiène & Soins Personnels,Papier Toilette & Mouchoirs Fine,Mouchoirs Pochette 10x10p
Hygiène & Soins Personnels,Essuie-tout & Aluminium Fine,Essuie-tout Ménager 2 Rouleaux
Hygiène & Soins Personnels,Essuie-tout & Aluminium Fine,Papier Aluminium 10 mètres
Hygiène & Soins Personnels,Essuie-tout & Aluminium Fine,Film Étirable Transparent 30 mètres
Détergents & Produits d'Entretien,Lessive en Poudre Isis ENAD,Isis Poudre Lavage Main Sachet 500g
Détergents & Produits d'Entretien,Lessive en Poudre Isis ENAD,Isis Poudre Lavage Main Sachet 1kg
Détergents & Produits d'Entretien,Lessive en Poudre Isis ENAD,Isis Poudre Automatique Sac 3kg
Détergents & Produits d'Entretien,Lessive en Poudre Isis ENAD,Isis Poudre Automatique Sac 5kg
Détergents & Produits d'Entretien,Lessive en Poudre Isis ENAD,Isis Poudre Rose Parfumée 500g
Détergents & Produits d'Entretien,Lessive en Poudre Le Chat DZ,Le Chat Poudre Main Sachet 500g
Détergents & Produits d'Entretien,Lessive en Poudre Le Chat DZ,Le Chat Automatique Sac 3kg
Détergents & Produits d'Entretien,Lessive en Poudre Le Chat DZ,Le Chat Automatique Sac 6kg
Détergents & Produits d me,Lessive Liquide Omo,Omo Liquide Concentré Bidon 2.5L
Détergents & Produits d'Entretien,Lessive Liquide Nadhif,Nadhif Gel Automatique Bidon 3L
Détergents & Produits d'Entretien,Lessive Liquide Le Chat DZ,Le Chat Gel Savon de Marseille 2.5L
Détergents & Produits d'Entretien,Liquide Vaisselle Groom,Groom Liquide Vaisselle Citron 750ml
Détergents & Produits d'Entretien,Liquide Vaisselle Groom,Groom Liquide Vaisselle Pomme 750ml
Détergents & Produits d'Entretien,Liquide Vaisselle Groom,Groom Liquide Vaisselle Citron 1.5L
Détergents & Produits d'Entretien,Liquide Vaisselle Pril Isis,Pril Isis Concentré Citron 650ml
Détergents & Produits d'Entretien,Liquide Vaisselle Pril Isis,Pril Isis Concentré Pomme 650ml
Détergents & Produits d'Entretien,Liquide Vaisselle Pril Isis,Pril Isis Concentré Citron 1.25L
Détergents & Produits d'Entretien,Eau de Javel Berrek,Javel Berrek Concentrée Bouteille 1L
Détergents & Produits d'Entretien,Eau de Javel Berrek,Javel Berrek Concentrée Bouteille 2L
Détergents & Produits d'Entretien,Eau de Javel Berrek,Javel Berrek Concentrée Bidon 5L
Détergents & Produits d'Entretien,Eau de Javel Berrek,Javel Parfumée Citron Bouteille 1L
Détergents & Produits d'Entretien,Eau de Javel Croix,Javel Croix Bouteille 1L
Détergents & Produits d'Entretien,Nettoyant Sol Groom,Nettoyant Sol Lavande Bouteille 1L
Détergents & Produits d'Entretien,Nettoyant Sol Groom,Nettoyant Sol Jasmin Bouteille 1L
Détergents & Produits d'Entretien,Nettoyant Sol Groom,Nettoyant Sol Pin Bouteille 1L
Détergents & Produits d'Entretien,Nettoyant Sol Maxis,Nettoyant Sol Citron Bouteille 1.5L
Détergents & Produits d'Entretien,Nettoyant Sol Maxis,Nettoyant Sol Fraîcheur Marine 1.5L
Détergents & Produits d'Entretien,Accessoires Ménage Algérie,Éponges Grattantes Pack 3p
Détergents & Produits d'Entretien,Accessoires Ménage Algérie,Éponge Spirale Inox Pack 2p
Détergents & Produits d'Entretien,Accessoires Ménage Algérie,Gants Ménagers Latex Taille M
Détergents & Produits d'Entretien,Accessoires Ménage Algérie,Gants Ménagers Latex Taille L
Détergents & Produits d'Entretien,Accessoires Ménage Algérie,Serpillère Microfibre 1 pièce
Détergents & Produits d'Entretien,Accessoires Ménage Algérie,Sachets Poubelle 30L Rouleau 10p
Détergents & Produits d'Entretien,Accessoires Ménage Algérie,Sachets Poubelle 50L Rouleau 10p
Détergents & Produits d'Entretien,Désodorisant d'Intérieur Groom,Spray Désodorisant Jasmin 300ml
Détergents & Produits d'Entretien,Désodorisant d'Intérieur Groom,Spray Désodorisant Rose 300ml
Détergents & Produits d'Entretien,Désodorisant d'Intérieur Groom,Spray Désodorisant Lavande 300ml
Détergents & Produits d'Entretien,Désodorisant d'Intérieur Air Wick,Spray Désodorisant 300ml
Détergents & Produits d'Entretien,Nettoyants Spécifiques,Nettoyant Vitres Groom Spray 500ml
Détergents & Produits d'Entretien,Nettoyants Spécifiques,Nettoyant Vitres Poly Star Spray 500ml
Détergents & Produits d'Entretien,Nettoyants Spécifiques,Gel Déboucheur Ouragan 1L
Détergents & Produits d'Entretien,Nettoyants Spécifiques,Déboucheur Canalisations Poly Star 1L
Détergents & Produits d'Entretien,Insecticides Cobra,Cobra Spray Insectes Volants 300ml
Détergents & Produits d'Entretien,Insecticides Cobra,Cobra Spray Insectes Rampants 300ml
Détergents & Produits d'Entretien,Insecticides Riad,Riad Spray Multi-Insectes 300ml
Détergents & Produits d'Entretien,Insecticides Pif Paf,Pif Paf Diffuseur Électrique 30 nuits
Détergents & Produits d'Entretien,Insecticides Pif Paf,Pif Paf Recharge Liquide 30 nuits
Détergents & Produits d'Entretien,Insecticides Algérie,Poudre Anti-Fourmis Sachet 100g
Détergents & Produits d'Entretien,Insecticides Algérie,Serpatout Raticide Sachet 150g
Détergents & Produits d'Entretien,Insecticides Algérie,Tablettes Moustiques Boîte 20p
